artiste;photo
Divers;images/galerie/street-art-image-1.jpg
Divers;images/galerie/street-art-image-2.jpg
Divers;images/galerie/street-art-image-3.jpg
Divers;images/galerie/street-art-image-4.jpg
Divers;images/galerie/street-art-image-5.jpg
Ben Caillou;images/artistes/Ben/Ben_1.jpg
Ben Caillou;images/artistes/Ben/Ben_2.jpg
Ben Caillou;images/artistes/Ben Caillou/Ben Caillou_1.jpg
Ben Caillou;images/artistes/Ben Caillou/Ben Caillou_2.png
Vincent Loisy;/images/artistes/Vincent/Carlu.jpg
Vincent Loisy;/images/artistes/Vincent/Lalie.jpg
Vincent Loisy;/images/artistes/Vincent/Yanko.jpg

